triple_id,subject,predicate,object,source_standard,clause,note,confidence
1,混凝土裂缝修补,选择依据,成因与性状,DL/T 5315—2014 水工混凝土建筑物修补加固技术规程,5.1.1,,high
2,混凝土裂缝修补,应按…选择,适当的修补方法,DL/T 5315—2014 水工混凝土建筑物修补加固技术规程,5.1.1,,high
3,混凝土裂缝修补,应根据…选择,合适的修补材料,DL/T 5315—2014 水工混凝土建筑物修补加固技术规程,5.1.1,,high
4,混凝土裂缝修补,应根据…选择,合适的修补时机,DL/T 5315—2014 水工混凝土建筑物修补加固技术规程,5.1.1,,high
5,混凝土裂缝修补,可采用,涂刷法,DL/T 5315—2014 水工混凝土建筑物修补加固技术规程,5.1.2,,high
6,混凝土裂缝修补,可采用,粘贴法,DL/T 5315—2014 水工混凝土建筑物修补加固技术规程,5.1.2,,high
7,混凝土裂缝修补,可采用,凿槽嵌填法,DL/T 5315—2014 水工混凝土建筑物修补加固技术规程,5.1.2,,high
8,混凝土裂缝修补,可采用,灌浆法,DL/T 5315—2014 水工混凝土建筑物修补加固技术规程,5.1.2,,high
9,裂缝修补前,应收集,裂缝相关资料,DL/T 5315—2014 水工混凝土建筑物修补加固技术规程,5.1.3,,high
10,裂缝修补前,应进行,裂缝分类,DL/T 5315—2014 水工混凝土建筑物修补加固技术规程,5.1.3,,high
11,裂缝修补前,应进行,裂缝评估,DL/T 5315—2014 水工混凝土建筑物修补加固技术规程,5.1.3,,high
12,裂缝修补前,应明确,修补范围与规模,DL/T 5315—2014 水工混凝土建筑物修补加固技术规程,5.1.3,,high
13,裂缝修补前,应明确,修补方法,DL/T 5315—2014 水工混凝土建筑物修补加固技术规程,5.1.3,,high
14,裂缝修补前,应明确,工艺要求,DL/T 5315—2014 水工混凝土建筑物修补加固技术规程,5.1.3,,high
15,裂缝修补前,应明确,质量合格标准,DL/T 5315—2014 水工混凝土建筑物修补加固技术规程,5.1.3,,high
16,裂缝处理范围内的混凝土表面,应达到,清洁,DL/T 5315—2014 水工混凝土建筑物修补加固技术规程,5.1.3,,high
17,裂缝处理范围内的混凝土表面,应达到,坚固,DL/T 5315—2014 水工混凝土建筑物修补加固技术规程,5.1.3,,high
18,裂缝处理范围内的混凝土表面,应达到,平整,DL/T 5315—2014 水工混凝土建筑物修补加固技术规程,5.1.3,,high
19,裂缝处理范围内的混凝土表面,应达到,干燥,DL/T 5315—2014 水工混凝土建筑物修补加固技术规程,5.1.3,,high
20,有外观要求的裂缝修补,应满足,外观设计要求,DL/T 5315—2014 水工混凝土建筑物修补加固技术规程,5.1.3,,high
21,表面裂缝,可选用,涂刷法,DL/T 5315—2014 水工混凝土建筑物修补加固技术规程,5.2.1,,high
22,表面裂缝,可选用,粘贴法,DL/T 5315—2014 水工混凝土建筑物修补加固技术规程,5.2.1,,high
23,浅层裂缝,可选用,涂刷法,DL/T 5315—2014 水工混凝土建筑物修补加固技术规程,5.2.1,,high
24,浅层裂缝,可选用,粘贴法,DL/T 5315—2014 水工混凝土建筑物修补加固技术规程,5.2.1,,high
25,涂刷法,涂刷范围扩展至裂缝两侧,5cm～15cm,DL/T 5315—2014 水工混凝土建筑物修补加固技术规程,5.2.2,,high
26,涂刷法,向裂缝两端延伸,10cm～30cm,DL/T 5315—2014 水工混凝土建筑物修补加固技术规程,5.2.2,,high
27,涂刷法,要求,涂层基面平整,DL/T 5315—2014 水工混凝土建筑物修补加固技术规程,5.2.2,,high
28,涂刷法,采用界面剂时应采用,与涂刷涂层配套的界面剂,DL/T 5315—2014 水工混凝土建筑物修补加固技术规程,5.2.2,,high
29,涂刷法,下一道与上一道涂刷方向,垂直,DL/T 5315—2014 水工混凝土建筑物修补加固技术规程,5.2.2,,high
30,涂刷法,涂层厚度和均匀性,应符合设计要求和产品规定,DL/T 5315—2014 水工混凝土建筑物修补加固技术规程,5.2.2,,high
31,涂刷法涂层,颜色,应均匀,DL/T 5315—2014 水工混凝土建筑物修补加固技术规程,5.2.2,,high
32,涂刷法涂层,不得有,鼓包,DL/T 5315—2014 水工混凝土建筑物修补加固技术规程,5.2.2,,high
33,涂刷法涂层,不得有,流淌,DL/T 5315—2014 水工混凝土建筑物修补加固技术规程,5.2.2,,high
34,涂刷法涂层,不得有,针孔,DL/T 5315—2014 水工混凝土建筑物修补加固技术规程,5.2.2,,high
35,涂刷法涂层,不得有,分层,DL/T 5315—2014 水工混凝土建筑物修补加固技术规程,5.2.2,,high
36,涂刷法涂层,不得有,缩孔,DL/T 5315—2014 水工混凝土建筑物修补加固技术规程,5.2.2,,high
37,结构转弯处、边缘、阴角、阳角与伸出基层的管道周围等细部,工艺,应进行细化设计,DL/T 5315—2014 水工混凝土建筑物修补加固技术规程,5.2.2,,high
38,涂刷法施工,应在,涂层产品规定的作业环境,DL/T 5315—2014 水工混凝土建筑物修补加固技术规程,5.2.2,,high
39,喷涂施工,应采用,专用设备,DL/T 5315—2014 水工混凝土建筑物修补加固技术规程,5.2.2,,high
40,粘贴法,粘贴范围扩展至裂缝两侧,10cm～20cm,DL/T 5315—2014 水工混凝土建筑物修补加固技术规程,5.2.3,,high
41,粘贴法,向裂缝两端延伸,20cm～40cm,DL/T 5315—2014 水工混凝土建筑物修补加固技术规程,5.2.3,,high
42,粘贴法,要求,粘贴范围基面平整,DL/T 5315—2014 水工混凝土建筑物修补加固技术规程,5.2.3,,high
43,粘贴法,应采用,与粘贴材料配套的界面剂,DL/T 5315—2014 水工混凝土建筑物修补加固技术规程,5.2.3,,high
44,界面剂,涂刷方式,均匀涂刷于基面,DL/T 5315—2014 水工混凝土建筑物修补加固技术规程,5.2.3,,high
45,柔性片材,与基层混凝土,应粘贴密实,DL/T 5315—2014 水工混凝土建筑物修补加固技术规程,5.2.3,,high
46,柔性片材,与基层混凝土,应粘贴牢固,DL/T 5315—2014 水工混凝土建筑物修补加固技术规程,5.2.3,,high
47,柔性片材,与基层混凝土,应粘贴平整,DL/T 5315—2014 水工混凝土建筑物修补加固技术规程,5.2.3,,high
48,粘贴法接头,宜采用,搭接形式,DL/T 5315—2014 水工混凝土建筑物修补加固技术规程,5.2.3,,high
49,搭接长度,应大于,10cm,DL/T 5315—2014 水工混凝土建筑物修补加固技术规程,5.2.3,,high
50,柔性片材周边与混凝土接触部位,宜采用,专用止水材料封边,DL/T 5315—2014 水工混凝土建筑物修补加固技术规程,5.2.3,,high
51,对柔性片材进行外表面保护时,应按设计要求采用,保护板材,DL/T 5315—2014 水工混凝土建筑物修补加固技术规程,5.2.3,,high
52,对柔性片材进行外表面保护时,应按设计要求采用,不锈钢压条,DL/T 5315—2014 水工混凝土建筑物修补加固技术规程,5.2.3,,high
53,对柔性片材进行外表面保护时,应按设计要求采用,不锈钢螺栓,DL/T 5315—2014 水工混凝土建筑物修补加固技术规程,5.2.3,,high
54,深层裂缝,应采用,内部灌浆法,DL/T 5315—2014 水工混凝土建筑物修补加固技术规程,5.3.1,,high
55,贯穿裂缝,应采用,内部灌浆法,DL/T 5315—2014 水工混凝土建筑物修补加固技术规程,5.3.1,,high
56,内部灌浆法,灌浆材料可选用,化学浆材,DL/T 5315—2014 水工混凝土建筑物修补加固技术规程,5.3.1,,high
57,内部灌浆法,灌浆材料可选用,水泥浆材,DL/T 5315—2014 水工混凝土建筑物修补加固技术规程,5.3.1,,high
58,裂缝宽度小于0.5mm,宜选用,化学浆材,DL/T 5315—2014 水工混凝土建筑物修补加固技术规程,5.3.1,,high
59,缝口宽度大于1mm的裂缝,宜选用,先凿槽嵌填后灌浆的方法,DL/T 5315—2014 水工混凝土建筑物修补加固技术规程,5.3.2,,high
60,凿槽嵌填法,槽型,U形槽,DL/T 5315—2014 水工混凝土建筑物修补加固技术规程,5.3.2,,high
61,凿槽嵌填法,槽宽,5cm～6cm,DL/T 5315—2014 水工混凝土建筑物修补加固技术规程,5.3.2,,high
62,凿槽嵌填法,槽深,5cm～6cm,DL/T 5315—2014 水工混凝土建筑物修补加固技术规程,5.3.2,,high
63,U形槽,向缝两端延长,5cm～20cm,DL/T 5315—2014 水工混凝土建筑物修补加固技术规程,5.3.2,,high
64,槽内表面,应涂刷,界面剂,DL/T 5315—2014 水工混凝土建筑物修补加固技术规程,5.3.2,,high
65,槽内,应分层嵌填,刚性材料,DL/T 5315—2014 水工混凝土建筑物修补加固技术规程,5.3.2,,high
66,槽内,应分层嵌填,柔性材料,DL/T 5315—2014 水工混凝土建筑物修补加固技术规程,5.3.2,,high
67,凿槽嵌填表面,处理要求,压实抹光,DL/T 5315—2014 水工混凝土建筑物修补加固技术规程,5.3.2,,high
68,立面竖向裂缝或斜缝灌浆,顺序,自下而上,DL/T 5315—2014 水工混凝土建筑物修补加固技术规程,5.3.3,,high
69,立面竖向裂缝或斜缝灌浆,顺序,由深孔到浅孔,DL/T 5315—2014 水工混凝土建筑物修补加固技术规程,5.3.3,,high
70,立面水平或近似水平裂缝灌浆,顺序,自一端向另一端,DL/T 5315—2014 水工混凝土建筑物修补加固技术规程,5.3.3,,high
71,立面水平或近似水平裂缝灌浆,顺序,由深孔到浅孔,DL/T 5315—2014 水工混凝土建筑物修补加固技术规程,5.3.3,,high
72,平面裂缝灌浆,开灌孔选择,通畅性最好的孔,DL/T 5315—2014 水工混凝土建筑物修补加固技术规程,5.3.3,,high
73,裂缝规模较大时,可采取,分区灌浆,DL/T 5315—2014 水工混凝土建筑物修补加固技术规程,5.3.3,,high
74,灌浆钻孔,宜采用,回转取芯钻机钻进,DL/T 5315—2014 水工混凝土建筑物修补加固技术规程,5.3.3,,high
75,灌浆孔采用斜孔时,应,穿过缝面与缝面相交,DL/T 5315—2014 水工混凝土建筑物修补加固技术规程,5.3.3,,high
76,斜孔过缝深度,应大于,10cm,DL/T 5315—2014 水工混凝土建筑物修补加固技术规程,5.3.3,,high
77,骑缝孔孔深距裂缝底,宜小于,40cm,DL/T 5315—2014 水工混凝土建筑物修补加固技术规程,5.3.3,,high
78,水泥浆液水灰比,可按,设计规定执行,DL/T 5315—2014 水工混凝土建筑物修补加固技术规程,5.3.3,,high
79,灌浆压力,可按,设计规定执行,DL/T 5315—2014 水工混凝土建筑物修补加固技术规程,5.3.3,,high
80,灌浆结束标准,在最大设计压力下注入率不大于,0.05L/min,DL/T 5315—2014 水工混凝土建筑物修补加固技术规程,5.3.3,,high
81,灌浆结束标准,继续灌注时间,20min,DL/T 5315—2014 水工混凝土建筑物修补加固技术规程,5.3.3,,high
82,裂缝灌浆后表面封闭,可采用,涂刷法,DL/T 5315—2014 水工混凝土建筑物修补加固技术规程,5.3.4,,high
83,裂缝灌浆后表面封闭,可采用,粘贴法,DL/T 5315—2014 水工混凝土建筑物修补加固技术规程,5.3.4,,high
84,混凝土渗漏处理,宜在,渗漏早期,DL/T 5315—2014 水工混凝土建筑物修补加固技术规程,6.1.1,,high
85,混凝土渗漏处理,宜在,无水或低水位情况下,DL/T 5315—2014 水工混凝土建筑物修补加固技术规程,6.1.1,,high
86,渗漏迎水面处截堵,原则,上堵下排、堵排结合,DL/T 5315—2014 水工混凝土建筑物修补加固技术规程,6.1.1,,high
87,背水面堵漏,原则,先排后堵、排堵结合,DL/T 5315—2014 水工混凝土建筑物修补加固技术规程,6.1.1,,high
88,重要部位渗漏,应进行,专项设计,DL/T 5315—2014 水工混凝土建筑物修补加固技术规程,6.1.1,,high
89,重要部位渗漏,应采用,综合方法处理,DL/T 5315—2014 水工混凝土建筑物修补加固技术规程,6.1.1,,high
90,涂刷法,适用于,在渗漏迎水面对裂缝或层间缝缝口进行处理,DL/T 5315—2014 水工混凝土建筑物修补加固技术规程,6.2.1,,high
91,粘贴防渗层法,适用于,在渗漏迎水面对裂缝或层间缝缝口进行处理,DL/T 5315—2014 水工混凝土建筑物修补加固技术规程,6.2.1,,high
92,凿槽嵌填法,适用于,在迎水面处对渗漏裂缝缝口进行嵌填处理,DL/T 5315—2014 水工混凝土建筑物修补加固技术规程,6.2.2,,high
93,凿槽嵌填法,适用于,在迎水面处对渗漏层间缝缝口进行嵌填处理,DL/T 5315—2014 水工混凝土建筑物修补加固技术规程,6.2.2,,high
94,背水面渗漏裂缝处理采用凿槽嵌填法时,应先采取,临时封堵措施,DL/T 5315—2014 水工混凝土建筑物修补加固技术规程,6.2.2,,high
95,迎水面渗漏裂缝处理,可采用,沿渗漏裂缝骑缝开凿U形槽,DL/T 5315—2014 水工混凝土建筑物修补加固技术规程,6.2.2,,high
96,迎水面渗漏层间缝处理,可采用,沿层间缝骑缝开凿U形槽,DL/T 5315—2014 水工混凝土建筑物修补加固技术规程,6.2.2,,high
97,凿槽嵌填法,可在缝两端骑缝钻,截水孔,DL/T 5315—2014 水工混凝土建筑物修补加固技术规程,6.2.2,,high
98,U形槽和截水孔,应分层嵌填,亲水性柔性材料,DL/T 5315—2014 水工混凝土建筑物修补加固技术规程,6.2.2,,high
99,渗漏逸出点临时封堵,应采用,速凝材料,DL/T 5315—2014 水工混凝土建筑物修补加固技术规程,6.2.2,,high
100,对凿槽嵌填材料有防护要求时,应涂抹,防护材料,DL/T 5315—2014 水工混凝土建筑物修补加固技术规程,6.2.2,,high
101,有外观要求的凿槽嵌填处理,应按要求进行,装饰,DL/T 5315—2014 水工混凝土建筑物修补加固技术规程,6.2.2,,high
102,裂缝或层间缝渗漏,可在迎水面处采用,灌浆截堵,DL/T 5315—2014 水工混凝土建筑物修补加固技术规程,6.2.3,,high
103,裂缝或层间缝渗漏,可在出水口采用,钻孔顶水灌浆封堵,DL/T 5315—2014 水工混凝土建筑物修补加固技术规程,6.2.3,,high
104,迎水面灌浆钻孔,应采取,斜孔布置,DL/T 5315—2014 水工混凝土建筑物修补加固技术规程,6.2.3,,high
105,灌浆前,宜进行,有色水压水试验,DL/T 5315—2014 水工混凝土建筑物修补加固技术规程,6.2.3,,high
106,顶水灌浆法钻孔,可采用,骑缝孔,DL/T 5315—2014 水工混凝土建筑物修补加固技术规程,6.2.3,,high
107,顶水灌浆法钻孔,可采用,斜孔布置,DL/T 5315—2014 水工混凝土建筑物修补加固技术规程,6.2.3,,high
108,压水试验压力,不应大于,最大水头下的静水压力,DL/T 5315—2014 水工混凝土建筑物修补加固技术规程,6.2.3,,high
109,试气压力,不宜超过,灌浆压力的30%,DL/T 5315—2014 水工混凝土建筑物修补加固技术规程,6.2.3,,high
110,引排止漏法,适用于,在渗漏逸出点处处理渗漏裂缝,DL/T 5315—2014 水工混凝土建筑物修补加固技术规程,6.2.4,,high
111,引排止漏法,适用于,在渗漏逸出点处处理渗漏层间缝,DL/T 5315—2014 水工混凝土建筑物修补加固技术规程,6.2.4,,high
112,引排止漏法,施工方式,在缝一侧或两侧钻斜孔与缝面相交,DL/T 5315—2014 水工混凝土建筑物修补加固技术规程,6.2.4,,high
113,引排止漏法,埋管作用,引排水,DL/T 5315—2014 水工混凝土建筑物修补加固技术规程,6.2.4,,high
114,引排完成后,应进行,封缝,DL/T 5315—2014 水工混凝土建筑物修补加固技术规程,6.2.4,,high
115,引排完成后,应进行,灌浆,DL/T 5315—2014 水工混凝土建筑物修补加固技术规程,6.2.4,,high
116,渗漏修补后,应,封闭导水管,DL/T 5315—2014 水工混凝土建筑物修补加固技术规程,6.2.4,,high
117,结构缝渗漏,可采用,涂刷法,DL/T 5315—2014 水工混凝土建筑物修补加固技术规程,6.3.1-6.3.8,,high
118,结构缝渗漏,可采用,粘贴法,DL/T 5315—2014 水工混凝土建筑物修补加固技术规程,6.3.1-6.3.8,,high
119,结构缝渗漏,可采用,锚固法,DL/T 5315—2014 水工混凝土建筑物修补加固技术规程,6.3.1-6.3.8,,high
120,结构缝渗漏,可采用,凿槽嵌填法,DL/T 5315—2014 水工混凝土建筑物修补加固技术规程,6.3.1-6.3.8,,high
121,结构缝渗漏,可采用,灌浆法,DL/T 5315—2014 水工混凝土建筑物修补加固技术规程,6.3.1-6.3.8,,high
122,结构缝渗漏,可采用,钻孔隔离法,DL/T 5315—2014 水工混凝土建筑物修补加固技术规程,6.3.1-6.3.8,,high
123,结构缝渗漏,可采用,综合法,DL/T 5315—2014 水工混凝土建筑物修补加固技术规程,6.3.1-6.3.8,,high
124,沥青井止水结构渗漏,可采用,补灌沥青,DL/T 5315—2014 水工混凝土建筑物修补加固技术规程,6.3.8,,high
125,结构缝渗漏涂刷法,应嵌填,柔性密封材料,DL/T 5315—2014 水工混凝土建筑物修补加固技术规程,6.3.1,,high
126,结构缝渗漏涂刷法,应分层涂刷,柔性防渗涂料,DL/T 5315—2014 水工混凝土建筑物修补加固技术规程,6.3.1,,high
127,结构缝中间部位涂层宽度,不小于,25cm,DL/T 5315—2014 水工混凝土建筑物修补加固技术规程,6.3.1,,high
128,结构缝中间部位涂层厚度,不小于,4mm,DL/T 5315—2014 水工混凝土建筑物修补加固技术规程,6.3.1,,high
129,结构缝中间部位涂层内,应粘贴,一道胎基布,DL/T 5315—2014 水工混凝土建筑物修补加固技术规程,6.3.1,,high
130,结构缝渗漏粘贴法,可选择,表面粘贴法,DL/T 5315—2014 水工混凝土建筑物修补加固技术规程,6.3.2,,high
131,结构缝渗漏粘贴法,可选择,凿槽粘贴法,DL/T 5315—2014 水工混凝土建筑物修补加固技术规程,6.3.2,,high
132,表面粘贴法,潮湿基面粘贴时应选用,亲水性界面剂,DL/T 5315—2014 水工混凝土建筑物修补加固技术规程,6.3.2,,high
133,凿槽粘贴法,应嵌入,柔性密封材料,DL/T 5315—2014 水工混凝土建筑物修补加固技术规程,6.3.2,,high
134,凿槽粘贴法,可铺设,柔性防水板材,DL/T 5315—2014 水工混凝土建筑物修补加固技术规程,6.3.2,,high
135,凿槽粘贴法,可涂刷,柔性涂层,DL/T 5315—2014 水工混凝土建筑物修补加固技术规程,6.3.2,,high
136,凿槽粘贴法,应钻孔埋设,锚固钢筋,DL/T 5315—2014 水工混凝土建筑物修补加固技术规程,6.3.2,,high
137,锚固法,可采用,内部锚固柔性防水板材,DL/T 5315—2014 水工混凝土建筑物修补加固技术规程,6.3.3,,high
138,锚固法,可采用,外部锚固柔性防水板材,DL/T 5315—2014 水工混凝土建筑物修补加固技术规程,6.3.3,,high
139,内部锚固柔性防水板材施工,应嵌入,柔性密封材料,DL/T 5315—2014 水工混凝土建筑物修补加固技术规程,6.3.3,,high
140,外部锚固柔性防水板材施工,应嵌入,柔性密封材料,DL/T 5315—2014 水工混凝土建筑物修补加固技术规程,6.3.3,,high
141,凿槽嵌填法处理结构缝渗漏,槽型可为,U形槽,DL/T 5315—2014 水工混凝土建筑物修补加固技术规程,6.3.4,,high
142,凿槽嵌填法处理结构缝渗漏,槽型可为,T形槽,DL/T 5315—2014 水工混凝土建筑物修补加固技术规程,6.3.4,,high
143,凿槽嵌填法处理结构缝渗漏,应嵌填,柔性材料,DL/T 5315—2014 水工混凝土建筑物修补加固技术规程,6.3.4,,high
144,对嵌填材料进行表面封闭保护时,可采取,涂刷方法,DL/T 5315—2014 水工混凝土建筑物修补加固技术规程,6.3.4,,high
145,有伸缩变形的结构缝,应选用,弹性好、延伸性大的柔性灌浆材料,DL/T 5315—2014 水工混凝土建筑物修补加固技术规程,6.3.5,,high
146,蓄水后处于受压工作状态的结构缝,应选用,刚性灌浆材料,DL/T 5315—2014 水工混凝土建筑物修补加固技术规程,6.3.5,,high
147,结构缝灌浆压力,宜为,0.3MPa～0.5MPa,DL/T 5315—2014 水工混凝土建筑物修补加固技术规程,6.3.5,,high
148,结构缝灌浆结束标准,在设计灌浆压力下注入率不大于,0.01L/min,DL/T 5315—2014 水工混凝土建筑物修补加固技术规程,6.3.5,,high
149,结构缝灌浆结束标准,继续灌注时间,20min,DL/T 5315—2014 水工混凝土建筑物修补加固技术规程,6.3.5,,high
150,钻孔隔离法,适用于,结构缝渗漏处理,DL/T 5315—2014 水工混凝土建筑物修补加固技术规程,6.3.6,,high
151,钻孔隔离法,施工方式,骑缝孔内回填或灌注胶凝材料,DL/T 5315—2014 水工混凝土建筑物修补加固技术规程,6.3.6,,high
152,钻孔隔离法骑缝钻孔,孔位偏差应小于,1cm,DL/T 5315—2014 水工混凝土建筑物修补加固技术规程,6.3.6,,high
153,综合法处理结构缝渗漏,应进行,专项设计,DL/T 5315—2014 水工混凝土建筑物修补加固技术规程,6.3.7,,high
154,补灌沥青,适用于,沥青井止水结构的渗漏处理,DL/T 5315—2014 水工混凝土建筑物修补加固技术规程,6.3.8,,high
155,集中渗漏且水压小于0.1MPa,可采用,直接堵漏法,DL/T 5315—2014 水工混凝土建筑物修补加固技术规程,6.4.1,,high
156,集中渗漏且水压小于0.1MPa,可采用,导管堵漏法,DL/T 5315—2014 水工混凝土建筑物修补加固技术规程,6.4.1,,high
157,集中渗漏且水压大于0.1MPa,可采用,灌浆堵漏法,DL/T 5315—2014 水工混凝土建筑物修补加固技术规程,6.4.1,,high
158,直接堵漏法,要求堵漏材料,在潮湿和动水条件下速凝,DL/T 5315—2014 水工混凝土建筑物修补加固技术规程,6.4.1,,high
159,直接堵漏法,要求堵漏材料,凝固时间可调控,DL/T 5315—2014 水工混凝土建筑物修补加固技术规程,6.4.1,,high
160,直接堵漏法,要求堵漏材料,与孔壁黏结牢固,DL/T 5315—2014 水工混凝土建筑物修补加固技术规程,6.4.1,,high
161,直接堵漏法,孔形,口大内小的楔形,DL/T 5315—2014 水工混凝土建筑物修补加固技术规程,6.4.2,,high
162,直接堵漏法,堵漏材料,速凝材料,DL/T 5315—2014 水工混凝土建筑物修补加固技术规程,6.4.2,,high
163,导管堵漏法,将导管插入,凿好的孔洞,DL/T 5315—2014 水工混凝土建筑物修补加固技术规程,6.4.3,,high
164,导管堵漏法,导管四周封堵材料,速凝材料,DL/T 5315—2014 水工混凝土建筑物修补加固技术规程,6.4.3,,high
165,导管堵漏法,导管孔封堵材料,速凝材料,DL/T 5315—2014 水工混凝土建筑物修补加固技术规程,6.4.3,,high
166,灌浆堵漏法,将漏水孔口扩成,喇叭状,DL/T 5315—2014 水工混凝土建筑物修补加固技术规程,6.4.4,,high
167,灌浆堵漏法,应埋设,灌浆管,DL/T 5315—2014 水工混凝土建筑物修补加固技术规程,6.4.4,,high
168,灌浆堵漏法,应采用,高强砂浆回填管口四周,DL/T 5315—2014 水工混凝土建筑物修补加固技术规程,6.4.4,,high
169,灌浆堵漏法,压水试验压力宜为水头压力的,1.2倍～1.5倍,DL/T 5315—2014 水工混凝土建筑物修补加固技术规程,6.4.4,,high
170,灌浆堵漏法,基本不吸浆或已接近胶凝浆材凝固时间时,结束灌浆,DL/T 5315—2014 水工混凝土建筑物修补加固技术规程,6.4.4,,high
171,渗漏量很大时,可在集中渗漏周边钻设,若干斜孔引排,DL/T 5315—2014 水工混凝土建筑物修补加固技术规程,6.4.4,,high
172,散渗处理涂刷法,适用于,大面积散渗处理,DL/T 5315—2014 水工混凝土建筑物修补加固技术规程,6.5.1,,high
173,散渗处理涂刷法,材料宜选用,聚合物水泥基涂料,DL/T 5315—2014 水工混凝土建筑物修补加固技术规程,6.5.1,,high
174,散渗处理涂刷法,材料宜选用,渗透结晶型涂料,DL/T 5315—2014 水工混凝土建筑物修补加固技术规程,6.5.1,,high
175,散渗处理涂刷法,材料宜选用,高分子材料涂层,DL/T 5315—2014 水工混凝土建筑物修补加固技术规程,6.5.1,,high
176,散渗处理涂刷法,要求,涂刷范围大于渗漏区域,DL/T 5315—2014 水工混凝土建筑物修补加固技术规程,6.5.1,,high
177,散渗处理粘贴法,适用于,因混凝土防渗等级不足引起的大面积散渗处理,DL/T 5315—2014 水工混凝土建筑物修补加固技术规程,6.5.2,,high
178,散渗处理锚固法,适用于,因混凝土防渗等级不足引起的大面积散渗处理,DL/T 5315—2014 水工混凝土建筑物修补加固技术规程,6.5.2,,high
179,散渗处理粘贴法/锚固法,可选择材料,三元乙丙橡胶片材,DL/T 5315—2014 水工混凝土建筑物修补加固技术规程,6.5.2,,high
180,散渗处理粘贴法/锚固法,可选择材料,氯丁橡胶片材,DL/T 5315—2014 水工混凝土建筑物修补加固技术规程,6.5.2,,high
181,散渗处理粘贴法/锚固法,可选择材料,聚氯乙烯片材,DL/T 5315—2014 水工混凝土建筑物修补加固技术规程,6.5.2,,high
182,散渗处理粘贴法/锚固法,可选择材料,聚乙烯片材,DL/T 5315—2014 水工混凝土建筑物修补加固技术规程,6.5.2,,high
183,散渗处理粘贴法/锚固法,可选择材料,橡胶布及其他防水材料,DL/T 5315—2014 水工混凝土建筑物修补加固技术规程,6.5.2,,high
184,防渗面板法,适用于,混凝土严重渗漏、抗渗性能差的迎水面散渗处理,DL/T 5315—2014 水工混凝土建筑物修补加固技术规程,6.5.3,,high
185,防渗面板法,面板材料宜选用,水泥混凝土,DL/T 5315—2014 水工混凝土建筑物修补加固技术规程,6.5.3,,high
186,防渗面板法,面板材料宜选用,沥青混凝土,DL/T 5315—2014 水工混凝土建筑物修补加固技术规程,6.5.3,,high
187,灌浆法,适用于,混凝土密实性差产生的散渗处理,DL/T 5315—2014 水工混凝土建筑物修补加固技术规程,6.5.4,,high
188,灌浆法,适用于,网状深层裂缝产生的散渗处理,DL/T 5315—2014 水工混凝土建筑物修补加固技术规程,6.5.4,,high
189,散渗处理灌浆法,灌浆材料可选用,水泥浆材,DL/T 5315—2014 水工混凝土建筑物修补加固技术规程,6.5.4,,high
190,散渗处理灌浆法,灌浆材料可选用,化学浆材,DL/T 5315—2014 水工混凝土建筑物修补加固技术规程,6.5.4,,high
191,混凝土剥蚀修补,应先,分类,DL/T 5315—2014 水工混凝土建筑物修补加固技术规程,7.1.1,,high
192,混凝土剥蚀修补,应先判明,剥蚀原因,DL/T 5315—2014 水工混凝土建筑物修补加固技术规程,7.1.1,,high
193,混凝土剥蚀修补后,可在表面涂刷,具有防渗特性的涂料,DL/T 5315—2014 水工混凝土建筑物修补加固技术规程,7.1.1,,high
194,混凝土剥蚀修补后,可在表面涂刷,具有耐水特性的涂料,DL/T 5315—2014 水工混凝土建筑物修补加固技术规程,7.1.1,,high
195,混凝土剥蚀修补后,可在表面涂刷,具有抗冲磨特性的涂料,DL/T 5315—2014 水工混凝土建筑物修补加固技术规程,7.1.1,,high
196,混凝土剥蚀修补后,可在表面涂刷,具有抗冻特性的涂料,DL/T 5315—2014 水工混凝土建筑物修补加固技术规程,7.1.1,,high
197,混凝土剥蚀修补后,可在表面涂刷,具有耐老化特性的涂料,DL/T 5315—2014 水工混凝土建筑物修补加固技术规程,7.1.1,,high
198,配置修补砂浆或混凝土所用水泥,强度等级不低于,42.5,DL/T 5315—2014 水工混凝土建筑物修补加固技术规程,7.1.2,,high
199,粗骨料粒径,宜为,5mm～40mm,DL/T 5315—2014 水工混凝土建筑物修补加固技术规程,7.1.2,,high
200,混凝土及砂浆水胶比,宜小于,0.40,DL/T 5315—2014 水工混凝土建筑物修补加固技术规程,7.1.2,,high
201,界面剂,可选择,与修补材料同类的水泥净浆或砂浆,DL/T 5315—2014 水工混凝土建筑物修补加固技术规程,7.1.3,,high
202,界面剂,可选择,聚合物水泥净浆或砂浆,DL/T 5315—2014 水工混凝土建筑物修补加固技术规程,7.1.3,,high
203,界面剂,可选择,水溶性环氧类粘结剂,DL/T 5315—2014 水工混凝土建筑物修补加固技术规程,7.1.3,,high
204,基层混凝土表面,应凿除至,新鲜、坚硬的混凝土,DL/T 5315—2014 水工混凝土建筑物修补加固技术规程,7.1.4,,high
205,修补厚度大于15cm时,应布设,锚筋,DL/T 5315—2014 水工混凝土建筑物修补加固技术规程,7.1.4,,high
206,冻融剥蚀修补材料,抗冻等级不小于,F200,DL/T 5315—2014 水工混凝土建筑物修补加固技术规程,7.2.1,,high
207,修补材料与基层混凝土之间的黏结强度,应大于,1.0MPa,DL/T 5315—2014 水工混凝土建筑物修补加固技术规程,7.2.1,,high
208,冻融剥蚀深度小于0.5cm,宜在基面干燥后涂刷,防护涂料,DL/T 5315—2014 水工混凝土建筑物修补加固技术规程,7.2.2,,high
209,冻融剥蚀深度大于0.5cm,应凿除至,新鲜、坚硬的混凝土面,DL/T 5315—2014 水工混凝土建筑物修补加固技术规程,7.2.2,,high
210,小面积冻融剥蚀修补,宜采用,聚合物水泥混凝土,DL/T 5315—2014 水工混凝土建筑物修补加固技术规程,7.2.2,,high
211,小面积冻融剥蚀修补,宜采用,聚合物水泥砂浆,DL/T 5315—2014 水工混凝土建筑物修补加固技术规程,7.2.2,,high
212,小面积冻融剥蚀修补,宜采用,聚合物砂浆,DL/T 5315—2014 水工混凝土建筑物修补加固技术规程,7.2.2,,high
213,聚合物水泥砂浆修补,一次涂抹厚度不宜大于,2cm,DL/T 5315—2014 水工混凝土建筑物修补加固技术规程,7.2.2,,high
214,聚合物水泥混凝土修补,一次浇筑厚度不宜大于,15cm,DL/T 5315—2014 水工混凝土建筑物修补加固技术规程,7.2.2,,high
215,基层混凝土强度等级高于C20时,宜选用,聚合物砂浆修补,DL/T 5315—2014 水工混凝土建筑物修补加固技术规程,7.2.2,,high
216,聚合物砂浆修补,总厚度不宜大于,3cm,DL/T 5315—2014 水工混凝土建筑物修补加固技术规程,7.2.2,,high
217,聚合物砂浆修补,施工时要求,基面混凝土干燥,DL/T 5315—2014 水工混凝土建筑物修补加固技术规程,7.2.2,,high
218,无法形成干燥条件时,应选用,亲水性界面剂,DL/T 5315—2014 水工混凝土建筑物修补加固技术规程,7.2.2,,high
219,空蚀破坏修复,应加强,修补面的体型控制,DL/T 5315—2014 水工混凝土建筑物修补加固技术规程,7.3.1,,high
220,磨损和空蚀修补,应选用,高标号抗冲磨材料,DL/T 5315—2014 水工混凝土建筑物修补加固技术规程,7.3.2,,high
221,磨损和空蚀修补,应选用,高韧性抗冲磨材料,DL/T 5315—2014 水工混凝土建筑物修补加固技术规程,7.3.2,,high
222,推移质冲磨破坏修补,可选用,高强硅粉水泥混凝土,DL/T 5315—2014 水工混凝土建筑物修补加固技术规程,7.3.2,,high
223,推移质冲磨破坏修补,可选用,高强铁矿石硅粉水泥混凝土,DL/T 5315—2014 水工混凝土建筑物修补加固技术规程,7.3.2,,high
224,推移质冲磨破坏修补,可选用,铁轨嵌高强混凝土,DL/T 5315—2014 水工混凝土建筑物修补加固技术规程,7.3.2,,high
225,推移质冲磨破坏修补,可选用,高弹性抗冲磨砂浆,DL/T 5315—2014 水工混凝土建筑物修补加固技术规程,7.3.2,,high
226,推移质冲磨破坏修补,可选用,高韧性聚合物砂浆,DL/T 5315—2014 水工混凝土建筑物修补加固技术规程,7.3.2,,high
227,推移质冲磨破坏修补,可选用,铺设钢板,DL/T 5315—2014 水工混凝土建筑物修补加固技术规程,7.3.2,,high
228,混凝土磨损及空蚀较严重部位,宜选用,高强水泥混凝土修复,DL/T 5315—2014 水工混凝土建筑物修补加固技术规程,7.3.2,,high
229,混凝土磨损及空蚀较严重部位,宜选用,聚合物水泥混凝土修复,DL/T 5315—2014 水工混凝土建筑物修补加固技术规程,7.3.2,,high
230,砂浆或混凝土类修补材料与基层混凝土之间的黏结强度,应大于,2.0MPa,DL/T 5315—2014 水工混凝土建筑物修补加固技术规程,7.3.2,,high
231,表面抗冲磨防护涂料,抗拉强度应大于,20MPa,DL/T 5315—2014 水工混凝土建筑物修补加固技术规程,7.3.2,,high
232,表面抗冲磨防护涂料与混凝土之间的黏结强度,应大于,2.5MPa,DL/T 5315—2014 水工混凝土建筑物修补加固技术规程,7.3.2,,high
233,磨损和空蚀深度小于3cm的部位,宜采用,聚合物砂浆修复,DL/T 5315—2014 水工混凝土建筑物修补加固技术规程,7.3.3,,high
234,磨损和空蚀深度大于3cm时,凿除坑深度应大于,15cm,DL/T 5315—2014 水工混凝土建筑物修补加固技术规程,7.3.3,,high
235,磨损和空蚀深度大于3cm时,应布设,插筋,DL/T 5315—2014 水工混凝土建筑物修补加固技术规程,7.3.3,,high
236,磨损和空蚀深度大于3cm时,应布设,钢筋网,DL/T 5315—2014 水工混凝土建筑物修补加固技术规程,7.3.3,,high
237,钢筋锈蚀引起混凝土剥蚀的修补方法,包括,剥蚀混凝土修补,DL/T 5315—2014 水工混凝土建筑物修补加固技术规程,7.4,,high
238,钢筋锈蚀引起混凝土剥蚀的修补方法,包括,涂层保护,DL/T 5315—2014 水工混凝土建筑物修补加固技术规程,7.4,,high
239,钢筋锈蚀引起混凝土剥蚀的修补方法,包括,使用阻锈剂,DL/T 5315—2014 水工混凝土建筑物修补加固技术规程,7.4,,high
240,薄层修补材料,宜选用,抗渗等级不低于W12的水泥砂浆,DL/T 5315—2014 水工混凝土建筑物修补加固技术规程,7.4,,high
241,薄层修补材料,宜选用,聚合物水泥砂浆,DL/T 5315—2014 水工混凝土建筑物修补加固技术规程,7.4,,high
242,遭受严重侵蚀的部位,可选用,聚合物砂浆,DL/T 5315—2014 水工混凝土建筑物修补加固技术规程,7.4,,high
243,修补厚度大于10cm时,宜选用,抗渗等级不低于W12的水泥混凝土,DL/T 5315—2014 水工混凝土建筑物修补加固技术规程,7.4,,high
244,修补厚度大于10cm时,宜选用,聚合物水泥混凝土,DL/T 5315—2014 水工混凝土建筑物修补加固技术规程,7.4,,high
245,有氯离子侵蚀环境中,水泥混凝土和砂浆必须掺用,钢筋阻锈剂,DL/T 5315—2014 水工混凝土建筑物修补加固技术规程,7.4,,high
246,碳化引起的钢筋锈蚀,应将,保护层全部凿除,DL/T 5315—2014 水工混凝土建筑物修补加固技术规程,7.4,,high
247,氯离子侵蚀引起的钢筋锈蚀,应凿除,受氯离子侵蚀损坏的混凝土,DL/T 5315—2014 水工混凝土建筑物修补加固技术规程,7.4,,high
248,已生锈钢筋,应进行,除锈,DL/T 5315—2014 水工混凝土建筑物修补加固技术规程,7.4,,high
249,已生锈钢筋,应涂刷,阻锈剂,DL/T 5315—2014 水工混凝土建筑物修补加固技术规程,7.4,,high
250,钢筋截面不满足设计要求时,应按设计要求,补焊钢筋,DL/T 5315—2014 水工混凝土建筑物修补加固技术规程,7.4,,high
251,钢筋截面不满足设计要求时,应按设计要求,植筋,DL/T 5315—2014 水工混凝土建筑物修补加固技术规程,7.4,,high
252,位于水位变化区的涂层,应具有,干湿交替环境下耐老化特性,DL/T 5315—2014 水工混凝土建筑物修补加固技术规程,7.4,,high
253,涂层与混凝土之间的黏结强度,应满足,运行要求,DL/T 5315—2014 水工混凝土建筑物修补加固技术规程,7.4,,high
254,环氧树脂砂浆,适用于,水利水电工程混凝土建筑物修补,DL/T 5193—2021 环氧树脂砂浆技术规程,1.0.2,,high
255,环氧树脂砂浆,适用于,水利水电工程混凝土建筑物防护,DL/T 5193—2021 环氧树脂砂浆技术规程,1.0.2,,high
256,环氧树脂砂浆,按用途分为,修补型(R型),DL/T 5193—2021 环氧树脂砂浆技术规程,4.0.4,,high
257,环氧树脂砂浆,按用途分为,防护型(P型),DL/T 5193—2021 环氧树脂砂浆技术规程,4.0.4,,high
258,修补型(R型),用于,混凝土局部缺陷修补,DL/T 5193—2021 环氧树脂砂浆技术规程,4.0.4,,high
259,防护型(P型),用于,混凝土表面防护与强化,DL/T 5193—2021 环氧树脂砂浆技术规程,4.0.4,,high
260,R型环氧树脂砂浆,拉伸强度,≥6.0MPa,DL/T 5193—2021 环氧树脂砂浆技术规程,表4.0.4,,high
261,P型环氧树脂砂浆,拉伸强度,≥10.0MPa,DL/T 5193—2021 环氧树脂砂浆技术规程,表4.0.4,,high
262,R型环氧树脂砂浆,抗压强度,≥40.0MPa,DL/T 5193—2021 环氧树脂砂浆技术规程,表4.0.4,,high
263,P型环氧树脂砂浆,抗压强度,≥60.0MPa,DL/T 5193—2021 环氧树脂砂浆技术规程,表4.0.4,,high
264,环氧树脂砂浆,干基面黏结强度,≥3.0MPa,DL/T 5193—2021 环氧树脂砂浆技术规程,表4.0.4,,high
265,环氧树脂砂浆,潮湿基面黏结强度,≥2.0MPa,DL/T 5193—2021 环氧树脂砂浆技术规程,表4.0.4,,high
266,P型环氧树脂砂浆,抗冲击性,≥8次,DL/T 5193—2021 环氧树脂砂浆技术规程,表4.0.4,,high
267,底涂,固含量,≥95%,DL/T 5193—2021 环氧树脂砂浆技术规程,表4.0.5,,high
268,底涂,表干时间,≤6.0h,DL/T 5193—2021 环氧树脂砂浆技术规程,表4.0.5,,high
269,底涂,干燥基面黏结强度,≥3.0MPa,DL/T 5193—2021 环氧树脂砂浆技术规程,表4.0.5,,high
270,底涂,潮湿基面黏结强度,≥2.0MPa,DL/T 5193—2021 环氧树脂砂浆技术规程,表4.0.5,,high
271,环氧树脂砂浆进场抽样检验项目,包括,拉伸强度,DL/T 5193—2021 环氧树脂砂浆技术规程,4.0.7,,high
272,环氧树脂砂浆进场抽样检验项目,包括,抗压强度,DL/T 5193—2021 环氧树脂砂浆技术规程,4.0.7,,high
273,环氧树脂砂浆进场抽样检验项目,包括,黏结强度,DL/T 5193—2021 环氧树脂砂浆技术规程,4.0.7,,high
274,底涂进场抽样检验项目,包括,表4.0.5所有项目,DL/T 5193—2021 环氧树脂砂浆技术规程,4.0.7,,high
275,环氧树脂砂浆施工前,应根据…确定,施工工艺和参数,DL/T 5193—2021 环氧树脂砂浆技术规程,5.1.1,,high
276,环氧树脂砂浆施工前,应编制,施工技术方案,DL/T 5193—2021 环氧树脂砂浆技术规程,5.1.1,,high
277,环氧树脂砂浆施工,宜在,5℃~35℃环境条件下进行,DL/T 5193—2021 环氧树脂砂浆技术规程,5.1.2,,high
278,环氧树脂砂浆施工,宜在,相对湿度小于85%的环境条件下进行,DL/T 5193—2021 环氧树脂砂浆技术规程,5.1.2,,high
279,环氧树脂砂浆施工,不应在,下雨条件下露天施工,DL/T 5193—2021 环氧树脂砂浆技术规程,5.1.2,,high
280,环氧树脂砂浆施工,不应在,高温阳光直射下露天施工,DL/T 5193—2021 环氧树脂砂浆技术规程,5.1.2,,high
281,基层温度,应高于露点温度至少,3℃,DL/T 5193—2021 环氧树脂砂浆技术规程,5.1.2,,high
282,环氧树脂砂浆施工工序,包括,基层处理,DL/T 5193—2021 环氧树脂砂浆技术规程,5.1.4,,high
283,环氧树脂砂浆施工工序,包括,底涂涂刷,DL/T 5193—2021 环氧树脂砂浆技术规程,5.1.4,,high
284,环氧树脂砂浆施工工序,包括,砂浆涂覆,DL/T 5193—2021 环氧树脂砂浆技术规程,5.1.4,,high
285,每道工序完成后,应,检查合格方可进入下道工序,DL/T 5193—2021 环氧树脂砂浆技术规程,5.1.4,,high
286,施工记录,应包括,项目名称,DL/T 5193—2021 环氧树脂砂浆技术规程,5.1.5,,high
287,施工记录,应包括,施工时间和地点,DL/T 5193—2021 环氧树脂砂浆技术规程,5.1.5,,high
288,施工记录,应包括,环境条件,DL/T 5193—2021 环氧树脂砂浆技术规程,5.1.5,,high
289,施工记录,应包括,材料状态,DL/T 5193—2021 环氧树脂砂浆技术规程,5.1.5,,high
290,施工记录,应包括,施工情况,DL/T 5193—2021 环氧树脂砂浆技术规程,5.1.5,,high
291,施工记录,应包括,施工面积及材料用量,DL/T 5193—2021 环氧树脂砂浆技术规程,5.1.5,,high
292,基层处理,应清除,浮浆,DL/T 5193—2021 环氧树脂砂浆技术规程,5.2.1,,high
293,基层处理,应清除,灰尘,DL/T 5193—2021 环氧树脂砂浆技术规程,5.2.1,,high
294,基层处理,应清除,油污,DL/T 5193—2021 环氧树脂砂浆技术规程,5.2.1,,high
295,基层处理,应清除,松动颗粒,DL/T 5193—2021 环氧树脂砂浆技术规程,5.2.1,,high
296,处理后的基层,应露出,新鲜、坚实的混凝土,DL/T 5193—2021 环氧树脂砂浆技术规程,5.2.1,,high
297,基层混凝土裂缝,应按DL/T 5315要求采用,灌浆处理,DL/T 5193—2021 环氧树脂砂浆技术规程,5.2.2,,high
298,基层混凝土裂缝,应按DL/T 5315要求采用,凿槽嵌填处理,DL/T 5193—2021 环氧树脂砂浆技术规程,5.2.2,,high
299,基层混凝土渗水点及渗水裂缝,应按DL/T 5315要求采用,凿槽嵌填,DL/T 5193—2021 环氧树脂砂浆技术规程,5.2.3,,high
300,基层混凝土渗水点及渗水裂缝,应按DL/T 5315要求采用,化学灌浆,DL/T 5193—2021 环氧树脂砂浆技术规程,5.2.3,,high
301,基层混凝土渗水点及渗水裂缝,应按DL/T 5315要求采用,引排,DL/T 5193—2021 环氧树脂砂浆技术规程,5.2.3,,high
302,环氧树脂砂浆施工前,基层表面宜,干燥,DL/T 5193—2021 环氧树脂砂浆技术规程,5.2.4,,high
303,底涂拌制,宜采用,电动搅拌器,DL/T 5193—2021 环氧树脂砂浆技术规程,5.3.1,,high
304,底涂,涂刷方式,刷涂,DL/T 5193—2021 环氧树脂砂浆技术规程,5.3.3,,high
305,底涂,涂刷方式,辊涂,DL/T 5193—2021 环氧树脂砂浆技术规程,5.3.3,,high
306,底涂涂刷,要求,厚度均匀,DL/T 5193—2021 环氧树脂砂浆技术规程,5.3.3,,high
307,底涂涂刷,不得有,流挂,DL/T 5193—2021 环氧树脂砂浆技术规程,5.3.3,,high
308,底涂涂刷,不得有,漏涂,DL/T 5193—2021 环氧树脂砂浆技术规程,5.3.3,,high
309,底涂涂刷,不得有,堆积,DL/T 5193—2021 环氧树脂砂浆技术规程,5.3.3,,high
310,底涂初凝前,应进行,环氧树脂砂浆涂覆,DL/T 5193—2021 环氧树脂砂浆技术规程,5.3.4,,high
311,底涂已初凝时,应,重新涂刷,DL/T 5193—2021 环氧树脂砂浆技术规程,5.3.4,,high
312,底涂超过复涂时间时,应对前道底涂打毛后,重新涂刷,DL/T 5193—2021 环氧树脂砂浆技术规程,5.3.4,,high
313,环氧树脂砂浆涂覆顺序,宜按,先顶面、再侧面、后底面,DL/T 5193—2021 环氧树脂砂浆技术规程,5.4.2,,high
314,环氧树脂砂浆涂覆顺序,宜按,先上后下,DL/T 5193—2021 环氧树脂砂浆技术规程,5.4.2,,high
315,边墙和顶拱部位厚度超过10mm时,宜采用,分层涂覆,DL/T 5193—2021 环氧树脂砂浆技术规程,5.4.2,,high
316,后层涂覆前提,前层砂浆,已硬化,DL/T 5193—2021 环氧树脂砂浆技术规程,5.4.2,,high
317,每层环氧树脂砂浆涂覆前,均需涂刷,底涂,DL/T 5193—2021 环氧树脂砂浆技术规程,5.4.2,,high
318,环氧树脂砂浆涂覆,宜按,压实、提浆、找平、收光顺序进行,DL/T 5193—2021 环氧树脂砂浆技术规程,5.4.2,,high
319,环氧树脂砂浆施工完成后,养护期宜为,7d～14d,DL/T 5193—2021 环氧树脂砂浆技术规程,5.4.2,,high
320,养护期间,应避免,曝晒,DL/T 5193—2021 环氧树脂砂浆技术规程,5.4.2,,high
321,养护期间,应避免,雨淋,DL/T 5193—2021 环氧树脂砂浆技术规程,5.4.2,,high
322,养护期间,应避免,重压,DL/T 5193—2021 环氧树脂砂浆技术规程,5.4.2,,high
323,养护期间,应避免,撞击,DL/T 5193—2021 环氧树脂砂浆技术规程,5.4.2,,high
324,基层处理和底涂涂刷质量检查,方法,目测或敲击检查,DL/T 5193—2021 环氧树脂砂浆技术规程,6.1,,high
325,环氧树脂砂浆涂覆质量控制,应采用,钢针插试法进行厚度测量,DL/T 5193—2021 环氧树脂砂浆技术规程,6.2.2,,high
326,环氧树脂砂浆外观,要求,平整,DL/T 5193—2021 环氧树脂砂浆技术规程,6.2.3,,high
327,环氧树脂砂浆外观,不得有,明显搭接痕迹,DL/T 5193—2021 环氧树脂砂浆技术规程,6.2.3,,high
328,环氧树脂砂浆外观,不得有,下坠,DL/T 5193—2021 环氧树脂砂浆技术规程,6.2.3,,high
329,环氧树脂砂浆外观,不得有,裂纹,DL/T 5193—2021 环氧树脂砂浆技术规程,6.2.3,,high
330,环氧树脂砂浆外观,不得有,鼓包,DL/T 5193—2021 环氧树脂砂浆技术规程,6.2.3,,high
331,环氧树脂砂浆外观,不得有,麻面,DL/T 5193—2021 环氧树脂砂浆技术规程,6.2.3,,high
332,环氧树脂砂浆与基层黏结强度检验龄期,宜为,7d～14d,DL/T 5193—2021 环氧树脂砂浆技术规程,6.2.4,,high
333,黏结强度检验,每200m²取,5个测点,DL/T 5193—2021 环氧树脂砂浆技术规程,6.2.4,,high
334,环氧树脂砂浆平均厚度,应满足,设计要求,DL/T 5193—2021 环氧树脂砂浆技术规程,6.2.5,,high
335,环氧树脂砂浆最小厚度,不应小于设计厚度的,80%,DL/T 5193—2021 环氧树脂砂浆技术规程,6.2.5,,high
336,小于设计厚度的测点比例,不应超过,15%,DL/T 5193—2021 环氧树脂砂浆技术规程,6.2.5,,high
337,环氧树脂砂浆平整度检验,应采用,2m靠尺,DL/T 5193—2021 环氧树脂砂浆技术规程,6.2.6,,high
338,平整度允许空隙,不应大于,5mm,DL/T 5193—2021 环氧树脂砂浆技术规程,6.2.6,,high
339,环氧树脂灌浆材料,用于,地基处理灌浆,SL/T 807—2021 水工建筑物环氧树脂灌浆材料技术规范,1.0.2,,high
340,环氧树脂灌浆材料,用于,混凝土缺陷修复灌浆,SL/T 807—2021 水工建筑物环氧树脂灌浆材料技术规范,1.0.2,,high
341,环氧树脂灌浆材料,定义,用于灌浆中以环氧树脂为主剂的双组分材料,SL/T 807—2021 水工建筑物环氧树脂灌浆材料技术规范,2.0.2,,high
342,环氧树脂灌浆材料,应符合,安全与环保要求,SL/T 807—2021 水工建筑物环氧树脂灌浆材料技术规范,3.1.3,,high
343,饮水或灌溉工程用环氧树脂灌浆材料,应满足,实际无毒要求,SL/T 807—2021 水工建筑物环氧树脂灌浆材料技术规范,3.1.3,,high
344,环氧树脂灌浆材料外观,要求,浆液双组分及混合后浆液均匀、无分层,SL/T 807—2021 水工建筑物环氧树脂灌浆材料技术规范,3.2.1,,high
345,用于地基处理的环氧树脂灌浆材料,密度,>1.00g/cm³,SL/T 807—2021 水工建筑物环氧树脂灌浆材料技术规范,表3.2.2,,high
346,用于混凝土缺陷修复的环氧树脂灌浆材料,密度,>1.00g/cm³,SL/T 807—2021 水工建筑物环氧树脂灌浆材料技术规范,表3.2.2,,high
347,用于地基处理的环氧树脂灌浆材料,初始黏度,<30mPa·s,SL/T 807—2021 水工建筑物环氧树脂灌浆材料技术规范,表3.2.2,,high
348,用于混凝土缺陷修复的环氧树脂灌浆材料,初始黏度,<200mPa·s,SL/T 807—2021 水工建筑物环氧树脂灌浆材料技术规范,表3.2.2,,high
349,用于地基处理的环氧树脂灌浆材料,可操作时间,>120min,SL/T 807—2021 水工建筑物环氧树脂灌浆材料技术规范,表3.2.2,,high
350,用于混凝土缺陷修复的环氧树脂灌浆材料,可操作时间,>30min,SL/T 807—2021 水工建筑物环氧树脂灌浆材料技术规范,表3.2.2,,high
351,用于地基处理的环氧树脂灌浆材料,接触角,<25.0°,SL/T 807—2021 水工建筑物环氧树脂灌浆材料技术规范,表3.2.2,,high
352,环氧树脂灌浆材料固化物,抗压强度,≥40.0MPa,SL/T 807—2021 水工建筑物环氧树脂灌浆材料技术规范,表3.2.3,,high
353,环氧树脂灌浆材料固化物,拉伸剪切强度,≥5.0MPa,SL/T 807—2021 水工建筑物环氧树脂灌浆材料技术规范,表3.2.3,,high
354,环氧树脂灌浆材料固化物,抗拉强度,≥10.0MPa,SL/T 807—2021 水工建筑物环氧树脂灌浆材料技术规范,表3.2.3,,high
355,环氧树脂灌浆材料固化物,干粘结强度,≥3.0MPa,SL/T 807—2021 水工建筑物环氧树脂灌浆材料技术规范,表3.2.3,,high
356,环氧树脂灌浆材料固化物,湿粘结强度,≥2.0MPa,SL/T 807—2021 水工建筑物环氧树脂灌浆材料技术规范,表3.2.3,,high
357,环氧树脂灌浆材料固化物,抗渗性能,≥1.5MPa,SL/T 807—2021 水工建筑物环氧树脂灌浆材料技术规范,表3.2.3,,high
358,环氧树脂灌浆材料性能检验,分为,出厂检验,SL/T 807—2021 水工建筑物环氧树脂灌浆材料技术规范,3.3.1,,high
359,环氧树脂灌浆材料性能检验,分为,型式检验,SL/T 807—2021 水工建筑物环氧树脂灌浆材料技术规范,3.3.1,,high
360,环氧树脂灌浆材料性能检验,分为,现场检验,SL/T 807—2021 水工建筑物环氧树脂灌浆材料技术规范,3.3.1,,high
361,出厂检验项目,包括,外观,SL/T 807—2021 水工建筑物环氧树脂灌浆材料技术规范,3.3.1,,high
362,出厂检验项目,包括,初始黏度,SL/T 807—2021 水工建筑物环氧树脂灌浆材料技术规范,3.3.1,,high
363,出厂检验项目,包括,可操作时间,SL/T 807—2021 水工建筑物环氧树脂灌浆材料技术规范,3.3.1,,high
364,出厂检验项目,包括,固化物抗压强度,SL/T 807—2021 水工建筑物环氧树脂灌浆材料技术规范,3.3.1,,high
365,出厂检验项目,包括,固化物抗拉强度,SL/T 807—2021 水工建筑物环氧树脂灌浆材料技术规范,3.3.1,,high
366,现场检验项目,包括,外观,SL/T 807—2021 水工建筑物环氧树脂灌浆材料技术规范,3.3.1,,high
367,现场检验项目,包括,密度,SL/T 807—2021 水工建筑物环氧树脂灌浆材料技术规范,3.3.1,,high
368,现场检验项目,包括,初始黏度,SL/T 807—2021 水工建筑物环氧树脂灌浆材料技术规范,3.3.1,,high
369,现场检验项目,包括,可操作时间,SL/T 807—2021 水工建筑物环氧树脂灌浆材料技术规范,3.3.1,,high
370,环氧树脂灌浆材料应用设计,应根据,工程特点,SL/T 807—2021 水工建筑物环氧树脂灌浆材料技术规范,4.1.1,,high
371,环氧树脂灌浆材料应用设计,应根据,灌浆目的,SL/T 807—2021 水工建筑物环氧树脂灌浆材料技术规范,4.1.1,,high
372,环氧树脂灌浆材料应用设计,应根据,材料性能要求,SL/T 807—2021 水工建筑物环氧树脂灌浆材料技术规范,4.1.1,,high
373,环氧树脂灌浆材料应用设计,宜包括,受灌体特性与灌浆目的,SL/T 807—2021 水工建筑物环氧树脂灌浆材料技术规范,4.1.2,,high
374,环氧树脂灌浆材料应用设计,宜包括,灌浆材料性能指标要求,SL/T 807—2021 水工建筑物环氧树脂灌浆材料技术规范,4.1.2,,high
375,环氧树脂灌浆材料应用设计,宜包括,灌浆技术要求,SL/T 807—2021 水工建筑物环氧树脂灌浆材料技术规范,4.1.2,,high
376,环氧树脂灌浆材料应用设计,宜包括,灌浆质量标准和检查方法,SL/T 807—2021 水工建筑物环氧树脂灌浆材料技术规范,4.1.2,,high
377,环氧树脂灌浆材料应用于混凝土缺陷修复的材料选择,应根据,混凝土缺陷性状,SL/T 807—2021 水工建筑物环氧树脂灌浆材料技术规范,4.2.3,,high
378,不大于0.2mm的裂缝,宜选用,低黏度(<30mPa·s)环氧树脂灌浆材料,SL/T 807—2021 水工建筑物环氧树脂灌浆材料技术规范,4.2.3,,high
379,0.2mm以上的裂缝,宜选用,中等黏度(<200mPa·s)环氧树脂灌浆材料,SL/T 807—2021 水工建筑物环氧树脂灌浆材料技术规范,4.2.3,,high
380,潮湿和渗水环境下的混凝土裂缝处理,应选择,不易被水稀释的环氧树脂灌浆材料,SL/T 807—2021 水工建筑物环氧树脂灌浆材料技术规范,4.2.3,,high
381,潮湿和渗水环境下的混凝土裂缝处理,应选择,固化快的环氧树脂灌浆材料,SL/T 807—2021 水工建筑物环氧树脂灌浆材料技术规范,4.2.3,,high
382,潮湿和渗水环境下的混凝土裂缝处理,应选择,湿粘结强度高的环氧树脂灌浆材料,SL/T 807—2021 水工建筑物环氧树脂灌浆材料技术规范,4.2.3,,high
383,灌后混凝土,应满足,相应的强度要求,SL/T 807—2021 水工建筑物环氧树脂灌浆材料技术规范,4.2.3,,high
384,灌后混凝土,应满足,相应的抗渗性要求,SL/T 807—2021 水工建筑物环氧树脂灌浆材料技术规范,4.2.3,,high
385,灌浆试验,应论证,应用环氧树脂灌浆材料的可行性,SL/T 807—2021 水工建筑物环氧树脂灌浆材料技术规范,4.3.1,,high
386,灌浆试验,应推荐,最优浆液配比,SL/T 807—2021 水工建筑物环氧树脂灌浆材料技术规范,4.3.1,,high
387,灌浆试验,应评价,环氧树脂灌浆材料与受灌体的适应性,SL/T 807—2021 水工建筑物环氧树脂灌浆材料技术规范,4.3.1,,high
388,灌浆试验,应推荐,适宜的灌浆方法,SL/T 807—2021 水工建筑物环氧树脂灌浆材料技术规范,4.3.1,,high
389,灌浆试验,应推荐,适宜的灌浆孔布置参数,SL/T 807—2021 水工建筑物环氧树脂灌浆材料技术规范,4.3.1,,high
390,灌浆试验,应推荐,灌浆工艺参数,SL/T 807—2021 水工建筑物环氧树脂灌浆材料技术规范,4.3.1,,high
391,灌浆试验,应推荐,结束标准,SL/T 807—2021 水工建筑物环氧树脂灌浆材料技术规范,4.3.1,,high
392,灌浆试验,应评价,灌后受灌体的物理力学特性和抗渗透变形能力,SL/T 807—2021 水工建筑物环氧树脂灌浆材料技术规范,4.3.1,,high
393,灌浆试验,应研究,适合工程特点与要求的灌浆质量检查方法,SL/T 807—2021 水工建筑物环氧树脂灌浆材料技术规范,4.3.1,,high
394,灌浆试验,应分析,灌浆工效、进度、工程造价,SL/T 807—2021 水工建筑物环氧树脂灌浆材料技术规范,4.3.1,,high
395,灌浆试验前,应进行,环氧树脂灌浆材料配比试验,SL/T 807—2021 水工建筑物环氧树脂灌浆材料技术规范,4.3.3,,high
396,环氧树脂灌浆,宜采用,纯压式灌浆方式,SL/T 807—2021 水工建筑物环氧树脂灌浆材料技术规范,4.1.4,,high
397,应用于混凝土缺陷修复的环氧树脂灌浆工艺参数选择,原则,灌浆压力不应大于受灌体破坏压力,SL/T 807—2021 水工建筑物环氧树脂灌浆材料技术规范,4.4.2,,high
398,混凝土缺陷修复灌浆结束标准,在最大设计压力下注入率小于,0.01L/min,SL/T 807—2021 水工建筑物环氧树脂灌浆材料技术规范,4.4.2,,high
399,混凝土缺陷修复灌浆结束标准,继续灌注,10～30min,SL/T 807—2021 水工建筑物环氧树脂灌浆材料技术规范,4.4.2,,high
400,环氧树脂灌浆材料施工,应编制,施工组织设计,SL/T 807—2021 水工建筑物环氧树脂灌浆材料技术规范,5.1.1,,high
401,施工组织设计,应包括,灌浆方案及工艺,SL/T 807—2021 水工建筑物环氧树脂灌浆材料技术规范,5.1.1,,high
402,施工组织设计,应包括,材料和配浆方法,SL/T 807—2021 水工建筑物环氧树脂灌浆材料技术规范,5.1.1,,high
403,施工组织设计,应包括,质量检查及验收标准,SL/T 807—2021 水工建筑物环氧树脂灌浆材料技术规范,5.1.1,,high
404,灌浆过程中,应不定时检测,浆液黏度等参数,SL/T 807—2021 水工建筑物环氧树脂灌浆材料技术规范,5.1.2,,high
405,当灌浆施工环境温度高于35℃或低于5℃时,应采取,相应的温度控制措施,SL/T 807—2021 水工建筑物环氧树脂灌浆材料技术规范,5.1.3,,high
406,浆液配制和灌浆全过程,应做好,记录,SL/T 807—2021 水工建筑物环氧树脂灌浆材料技术规范,5.1.5,,high
407,环氧树脂灌浆材料应用质量检查,应以,现场检查成果为主,SL/T 807—2021 水工建筑物环氧树脂灌浆材料技术规范,6.0.1,,high
408,环氧树脂灌浆材料应用质量检查,应以,施工记录资料等检查为辅,SL/T 807—2021 水工建筑物环氧树脂灌浆材料技术规范,6.0.1,,high
409,灌浆质量检查重点部位,包括,渗漏严重的部位,SL/T 807—2021 水工建筑物环氧树脂灌浆材料技术规范,6.0.2,,high
410,灌浆质量检查重点部位,包括,结构受力关键部位,SL/T 807—2021 水工建筑物环氧树脂灌浆材料技术规范,6.0.2,,high
411,灌浆质量检查重点部位,包括,潜在的质量缺陷部位,SL/T 807—2021 水工建筑物环氧树脂灌浆材料技术规范,6.0.2,,high
412,混凝土受灌体质量检查方法,包括,超声波测试,SL/T 807—2021 水工建筑物环氧树脂灌浆材料技术规范,表6.0.4,,high
413,混凝土受灌体质量检查方法,包括,钻孔取芯、压水试验,SL/T 807—2021 水工建筑物环氧树脂灌浆材料技术规范,表6.0.4,,high
414,混凝土受灌体质量检查方法,包括,孔内电视录像,SL/T 807—2021 水工建筑物环氧树脂灌浆材料技术规范,表6.0.4,,high
415,混凝土受灌体质量检查方法,包括,混凝土芯样物理力学试验,SL/T 807—2021 水工建筑物环氧树脂灌浆材料技术规范,表6.0.4,,high
416,聚氨酯灌浆材料,适用于,混凝土结构渗漏水治理工程,JC/T 2041—2020 聚氨酯灌浆材料,1,,high
417,聚氨酯灌浆材料,适用于,基础加固工程,JC/T 2041—2020 聚氨酯灌浆材料,1,,high
418,聚氨酯灌浆材料,适用于,帷幕防渗工程,JC/T 2041—2020 聚氨酯灌浆材料,1,,high
419,聚氨酯灌浆材料,定义,以预聚体为主剂并与水反应生成固结体的灌浆材料,JC/T 2041—2020 聚氨酯灌浆材料,3.1,,high
420,聚氨酯灌浆材料,按性能分为,亲水型聚氨酯灌浆材料(WPU),JC/T 2041—2020 聚氨酯灌浆材料,4.1,,high
421,聚氨酯灌浆材料,按性能分为,疏水型聚氨酯灌浆材料(OPU),JC/T 2041—2020 聚氨酯灌浆材料,4.1,,high
422,亲水型聚氨酯灌浆材料(WPU),分为,I型,JC/T 2041—2020 聚氨酯灌浆材料,4.1,,high
423,亲水型聚氨酯灌浆材料(WPU),分为,Ⅱ型,JC/T 2041—2020 聚氨酯灌浆材料,4.1,,high
424,聚氨酯灌浆材料,外观要求,均匀的液体、无杂质、不分层,JC/T 2041—2020 聚氨酯灌浆材料,6.1,,high
425,WPU I型,密度,≥1.00g/cm³,JC/T 2041—2020 聚氨酯灌浆材料,表1,,high
426,WPU Ⅱ型,密度,≥1.00g/cm³,JC/T 2041—2020 聚氨酯灌浆材料,表1,,high
427,OPU,密度,≥1.05g/cm³,JC/T 2041—2020 聚氨酯灌浆材料,表1,,high
428,WPU I型,黏度,≤1000mPa·s,JC/T 2041—2020 聚氨酯灌浆材料,表1,,high
429,WPU Ⅱ型,黏度,≤1000mPa·s,JC/T 2041—2020 聚氨酯灌浆材料,表1,,high
430,OPU,黏度,≤1000mPa·s,JC/T 2041—2020 聚氨酯灌浆材料,表1,,high
431,WPU I型,凝胶时间(20倍水),≤180s,JC/T 2041—2020 聚氨酯灌浆材料,表1,,high
432,WPU Ⅱ型,凝胶时间(10倍水),≤120s,JC/T 2041—2020 聚氨酯灌浆材料,表1,,high
433,OPU,凝固时间,≤800s,JC/T 2041—2020 聚氨酯灌浆材料,表1,,high
434,WPU I型,不挥发物含量,≥78.0%,JC/T 2041—2020 聚氨酯灌浆材料,表1,,high
435,WPU Ⅱ型,不挥发物含量,≥80.0%,JC/T 2041—2020 聚氨酯灌浆材料,表1,,high
436,OPU,不挥发物含量,≥80.0%,JC/T 2041—2020 聚氨酯灌浆材料,表1,,high
437,WPU I型,包水性,≥20倍水,JC/T 2041—2020 聚氨酯灌浆材料,表2,,high
438,WPU Ⅱ型,包水性,≥10倍水,JC/T 2041—2020 聚氨酯灌浆材料,表2,,high
439,WPU I型,亲水性,20倍水条件下固结体乳白、均匀、无颗粒及无雪花状,JC/T 2041—2020 聚氨酯灌浆材料,表2,,high
440,WPU Ⅱ型,亲水性,10倍水条件下固结体乳白、均匀、无颗粒及无雪花状,JC/T 2041—2020 聚氨酯灌浆材料,表2,,high
441,WPU Ⅱ型,发泡率,≥350%,JC/T 2041—2020 聚氨酯灌浆材料,表2,,high
442,OPU,发泡率,≥1000%,JC/T 2041—2020 聚氨酯灌浆材料,表2,,high
443,WPU I型,遇水膨胀率,≥40%,JC/T 2041—2020 聚氨酯灌浆材料,表2,,high
444,WPU Ⅱ型,遇水膨胀率,≥30%,JC/T 2041—2020 聚氨酯灌浆材料,表2,,high
445,OPU,抗压强度,≥15MPa,JC/T 2041—2020 聚氨酯灌浆材料,表2,,high
446,聚氨酯灌浆材料,VOC限量,≤300g/L,JC/T 2041—2020 聚氨酯灌浆材料,表3,,high
447,聚氨酯灌浆材料,苯限量,≤200mg/kg,JC/T 2041—2020 聚氨酯灌浆材料,表3,,high
448,聚氨酯灌浆材料,甲苯+乙苯+二甲苯限量,≤5.0g/kg,JC/T 2041—2020 聚氨酯灌浆材料,表3,,high
449,聚氨酯灌浆材料,卤代烷烃限量,≤5.0g/kg,JC/T 2041—2020 聚氨酯灌浆材料,表3,,high
450,凝胶时间,定义,亲水型聚氨酯灌浆材料与一定比例的水混合后由液体变为固结体的时间,JC/T 2041—2020 聚氨酯灌浆材料,3.4,,high
451,凝固时间,定义,疏水型聚氨酯灌浆材料与一定比例的催化剂和水混合后由液体变为固结体的时间,JC/T 2041—2020 聚氨酯灌浆材料,3.5,,high
452,包水性,定义,参与反应且胶凝的水量与亲水型聚氨酯灌浆材料之比,JC/T 2041—2020 聚氨酯灌浆材料,3.6,,high
453,发泡率,定义,固结体相对于原浆液的体积增长率,JC/T 2041—2020 聚氨酯灌浆材料,3.7,,high
454,亲水性,定义,亲水型聚氨酯灌浆材料与水反应以后固结体的均匀程度,JC/T 2041—2020 聚氨酯灌浆材料,3.8,,high
455,遇水膨胀率,定义,亲水型聚氨酯灌浆材料固结体浸泡水后体积膨胀的百分数,JC/T 2041—2020 聚氨酯灌浆材料,3.9,,high
456,养护修理内容,包括,检查,SL 230—2015 混凝土坝养护修理规程,1.0.3,,high
457,养护修理内容,包括,养护,SL 230—2015 混凝土坝养护修理规程,1.0.3,,high
458,养护修理内容,包括,修理,SL 230—2015 混凝土坝养护修理规程,1.0.3,,high
459,养护与修理工作,原则,经常养护，随时维修，养重于修，修重于抢,SL 230—2015 混凝土坝养护修理规程,1.0.4,,high
460,修理工作程序,包括,工程损坏调查,SL 230—2015 混凝土坝养护修理规程,1.0.5,,high
461,修理工作程序,包括,修理方案制定与报批,SL 230—2015 混凝土坝养护修理规程,1.0.5,,high
462,修理工作程序,包括,实施,SL 230—2015 混凝土坝养护修理规程,1.0.5,,high
463,修理工作程序,包括,验收,SL 230—2015 混凝土坝养护修理规程,1.0.5,,high
464,裂缝修补前,应开展,裂缝调查,SL 230—2015 混凝土坝养护修理规程,5.1.2,,high
465,裂缝修补前,应判定,裂缝类型,SL 230—2015 混凝土坝养护修理规程,5.1.2,,high
466,静止裂缝,可即时进行,修补,SL 230—2015 混凝土坝养护修理规程,5.1.3,,high
467,静止裂缝,应根据…选择,修补材料,SL 230—2015 混凝土坝养护修理规程,5.1.3,,high
468,静止裂缝,应根据…选择,修补方法,SL 230—2015 混凝土坝养护修理规程,5.1.3,,high
469,活动裂缝,应先,消除成因,SL 230—2015 混凝土坝养护修理规程,5.1.3,,high
470,活动裂缝,确认稳定后,按静止裂缝方法修补,SL 230—2015 混凝土坝养护修理规程,5.1.3,,high
